{
    "default_model": "playground-v2.5-1024px-aesthetic.fp16.safetensors",
    "default_refiner": "None",
    "default_refiner_switch": 0.5,
    "default_loras": [
        [
            true,
            "None",
            1.0
        ],
        [
            true,
            "None",
            1.0
        ],
        [
            true,
            "None",
            1.0
        ],
        [
            true,
            "None",
            1.0
        ],
        [
            true,
            "None",
            1.0
        ]
    ],
    "default_cfg_scale": 2.0,
    "default_sample_sharpness": 2.0,
    "default_sampler": "dpmpp_2m",
    "default_scheduler": "edm_playground_v2.5",
    "default_performance": "Speed",
    "default_prompt": "",
    "default_prompt_negative": "",
    "default_styles": [
        "Fooocus V2"
    ],
    "default_aspect_ratio": "1024*1024",
    "checkpoint_downloads": {
        "playground-v2.5-1024px-aesthetic.fp16.safetensors": "https://huggingface.co/mashb1t/fav_models/resolve/main/fav/playground-v2.5-1024px-aesthetic.fp16.safetensors"
    },
    "embeddings_downloads": {},
    "lora_downloads": {},
    "previous_default_models": []
}